orig,kr
header_lyrianote,header_lyrianote.png
parts_btn-s26d8eff9a4,parts_btn-s26d8eff9a4.png
btn-sc704e95692,btn-sc704e95692.png
button-s8394ba549a,ui/button-s8394ba549a.png
button-sd81087f97d,ui/button-sd81087f97d.png
parts-s9fdeba309a,detail/parts-s9fdeba309a.png
parts_small-sb2ec15aa38,party/index/parts_small-sb2ec15aa38.png
parts_small-se2f515934f,parts_small-se2f515934f.png
parts-s031e909081,parts-s031e909081.png
archive-s7b2e5929d3,archive-s7b2e5929d3.png
archive/top/parts-sce218cca04,archive/top/parts-sce218cca04.png
icon/chara_type-s3f82904836,icon/chara_type-s3f82904836.png
icon/weapon-s575c383250,icon/weapon-s575c383250.png
icon/race-see64b041fe,icon/race-see64b041fe.png
type-sbdbe726918,type-sbdbe726918.png
filter-s426bae6ec9,filter-s426bae6ec9.png
parts-s62ec2d1ae9,parts-s62ec2d1ae9.png
parts-sbff99a7da0,parts-sbff99a7da0.png
parts-s578a136fee,parts-s578a136fee.png
parts_top-s035cf9330e,parts_top-s035cf9330e.png
party_toolbar_parts-s05be4c0fd4,party_toolbar_parts-s05be4c0fd4.png
parts-s50ef2acb63,parts-s50ef2acb63.png
parts_small-sa75ee197b4,parts_small-sa75ee197b4.png
parts_btn-s0d76477508,parts_btn-s0d76477508.png
multi-sc5f6c40646,multi-sc5f6c40646.png
parts-sc1e32b0f7a,parts-sc1e32b0f7a.png
parts_teamraid-s0c5a74d1fd,parts_teamraid-s0c5a74d1fd.png
parts_btn2-s684fec5026,parts_btn2-s684fec5026.png
parts-s6ed1454a2f,parts-s6ed1454a2f.png
parts_btn-sa6037625f2,parts_btn-sa6037625f2.png
setting/parts-s138b0c0c20,setting/parts-s138b0c0c20.png

!초보자 만화
banner/campaign/s/banner_beginner_comic,banner/campaign/s/banner_beginner_comic.png
beginner_comic/header_beginner_comic,beginner_comic/header_beginner_comic.png
comic/beginnercomic/episode/episode_1.jpg,comic/beginnercomic/episode/episode_1.jpg
comic/beginnercomic/comment/comment_1.png,comic/beginnercomic/comment/comment_1.png
comic/beginnercomic/poem/poem_1.png,comic/beginnercomic/poem/poem_1.png
comic/beginnercomic/episode/episode_2,comic/beginnercomic/episode/episode_2.jpg
comic/beginnercomic/comment/comment_2,comic/beginnercomic/comment/comment_2.png
comic/beginnercomic/poem/poem_2,comic/beginnercomic/poem/poem_2.png
comic/beginnercomic/episode/episode_3,comic/beginnercomic/episode/episode_3.jpg
comic/beginnercomic/comment/comment_3,comic/beginnercomic/comment/comment_3.png
comic/beginnercomic/poem/poem_3,comic/beginnercomic/poem/poem_3.png
comic/beginnercomic/episode/episode_4,comic/beginnercomic/episode/episode_4.jpg
comic/beginnercomic/comment/comment_4,comic/beginnercomic/comment/comment_4.png
comic/beginnercomic/poem/poem_4,comic/beginnercomic/poem/poem_4.png
comic/beginnercomic/episode/episode_5,comic/beginnercomic/episode/episode_5.jpg
comic/beginnercomic/comment/comment_5,comic/beginnercomic/comment/comment_5.png
comic/beginnercomic/poem/poem_5,comic/beginnercomic/poem/poem_5.png
comic/beginnercomic/episode/episode_6,comic/beginnercomic/episode/episode_6.jpg
comic/beginnercomic/comment/comment_6,comic/beginnercomic/comment/comment_6.png
comic/beginnercomic/poem/poem_6,comic/beginnercomic/poem/poem_6.png
comic/beginnercomic/episode/episode_7,comic/beginnercomic/episode/episode_7.jpg
comic/beginnercomic/comment/comment_7,comic/beginnercomic/comment/comment_7.png
comic/beginnercomic/poem/poem_7,comic/beginnercomic/poem/poem_7.png
comic/beginnercomic/episode/episode_8,comic/beginnercomic/episode/episode_8.jpg
comic/beginnercomic/comment/comment_8,comic/beginnercomic/comment/comment_8.png
comic/beginnercomic/poem/poem_8,comic/beginnercomic/poem/poem_8.png
comic/beginnercomic/episode/episode_9,comic/beginnercomic/episode/episode_9.jpg
comic/beginnercomic/comment/comment_9,comic/beginnercomic/comment/comment_9.png
comic/beginnercomic/poem/poem_9,comic/beginnercomic/poem/poem_9.png
comic/beginnercomic/episode/episode_10,comic/beginnercomic/episode/episode_10.jpg
comic/beginnercomic/comment/comment_10,comic/beginnercomic/comment/comment_10.png
comic/beginnercomic/poem/poem_10,comic/beginnercomic/poem/poem_10.png
comic/beginnercomic/episode/episode_11,comic/beginnercomic/episode/episode_11.jpg
comic/beginnercomic/comment/comment_11,comic/beginnercomic/comment/comment_11.png
comic/beginnercomic/poem/poem_11,comic/beginnercomic/poem/poem_11.png
comic/beginnercomic/episode/episode_12,comic/beginnercomic/episode/episode_12.jpg
comic/beginnercomic/comment/comment_12,comic/beginnercomic/comment/comment_12.png
comic/beginnercomic/poem/poem_12,comic/beginnercomic/poem/poem_12.png
comic/beginnercomic/episode/episode_13,comic/beginnercomic/episode/episode_13.jpg
comic/beginnercomic/comment/comment_13,comic/beginnercomic/comment/comment_13.png
comic/beginnercomic/poem/poem_13,comic/beginnercomic/poem/poem_13.png
comic/beginnercomic/episode/episode_14,comic/beginnercomic/episode/episode_14.jpg
comic/beginnercomic/comment/comment_14,comic/beginnercomic/comment/comment_14.png
comic/beginnercomic/poem/poem_14,comic/beginnercomic/poem/poem_14.png
comic/beginnercomic/episode/episode_15,comic/beginnercomic/episode/episode_15.png
comic/beginnercomic/comment/comment_15,comic/beginnercomic/comment/comment_15.png
comic/beginnercomic/poem/poem_15,comic/beginnercomic/poem/poem_15.png


!아카룸
arcarum/banner_new_on,arcarum/banner_new_on.png
arcarum/header,arcarum/header.png
arcarum/top/dungeon/pop/pop_dungeon_1,arcarum/top/dungeon/pop/pop_dungeon_1.png
arcarum/top/dungeon/pop/pop_dungeon_2,arcarum/top/dungeon/pop/pop_dungeon_2.png
arcarum/top/dungeon/pop/pop_dungeon_3,arcarum/top/dungeon/pop/pop_dungeon_3.png
arcarum/top/dungeon/pop/pop_dungeon_4,arcarum/top/dungeon/pop/pop_dungeon_4.png
arcarum/top/dungeon/pop/pop_dungeon_5,arcarum/top/dungeon/pop/pop_dungeon_5.png
arcarum/top/dungeon/pop/pop_dungeon_6,arcarum/top/dungeon/pop/pop_dungeon_6.png
arcarum/top/dungeon/pop/pop_dungeon_7,arcarum/top/dungeon/pop/pop_dungeon_7.png
arcarum/top/dungeon/pop/pop_dungeon_8,arcarum/top/dungeon/pop/pop_dungeon_8.png
arcarum/top/dungeon/pop/pop_dungeon_9,arcarum/top/dungeon/pop/pop_dungeon_9.png


!사상강림
event/common/advent/parts-s8cccc2bb67,event/common/advent/parts-s8cccc2bb67.png
event/common/advent/event_top,event/common/advent/event_top.png
banner/events/advent/banner_event_start_1,banner/events/advent/banner_event_start_1.png

!고전장
event/common/teamraid/parts-s772715d29a,event/common/teamraid/parts-s772715d29a.png
events/teamraid055/banner_event_start_1,event/teamraid054/banner_event_start_1.png

!신데렐라 판타지
banner/events/biography027/banner_event_start_1,banner/events/biography027/banner_event_start_1.png
banner/events/biography027/banner_event_start_2,banner/events/biography027/banner_event_start_2.png
banner/events/biography027/banner_event_start_3,banner/events/biography027/banner_event_start_3.png
banner/events/biography027/banner_event_start_4,banner/events/biography027/banner_event_start_4.png
event/event_teaser_6027/assets/teaser/event_teaser_top,event/event_teaser_6027/assets/teaser/event_teaser_top.png
event/event_teaser_6027/assets/tips/description_event_1,event/event_teaser_6027/assets/tips/description_event_1.png
event/event_teaser_6027/assets/tips/description_event_2,event/event_teaser_6027/assets/tips/description_event_2.png
event/event_teaser_6027/assets/tips/description_event_3,event/event_teaser_6027/assets/tips/description_event_3.png
event/event_teaser_6027/assets/tips/description_event_4,event/event_teaser_6027/assets/tips/description_event_4.png
event/event_teaser_6027/assets/tips/description_event_5,event/event_teaser_6027/assets/tips/description_event_5.png
event/event_teaser_6027/assets/tips/description_event_6,event/event_teaser_6027/assets/tips/description_event_6.png
event/event_teaser_6027/assets/tips/description_event_7,event/event_teaser_6027/assets/tips/description_event_7.png
event/biography027/assets/header/bg_header,event/biography027/assets/header/bg_header.png
event/biography027/parts-s763279b066,event/biography027/parts-s763279b066.png

!튜토리얼 오프닝
/img/sp/cjs/opening.png,story/tutorial/opening.png
/img_mid/sp/cjs/opening.png,story/tutorial/opening_mid.png
/img_low/sp/cjs/opening.png,story/tutorial/opening_low.png

!귀멸 콜라보
event/biography029/assets/header/bg_header,event/biography029/assets/header/bg_header.png


!섬지도
/img/sp/cjs/quest_island_select_2w_b_20180119,quest_island_select_2w_b_20180119.png
/img/sp/cjs/quest_island_select_4,quest_island_select_4.png
/img/sp/cjs/world_map_0001,world_map_0001.png
